<?xml version="1.0" ?>
<LOG_ROOT>
	<PROJECT NAME="shidiannao">
		<CBX_INST_ENTRY INSTANCE_NAME="|nfu|pe:\r:1:c:3:pei|multiplier:mul|lpm_mult:Mult0" CBX_FILE_NAME="mult_h1t.tdf"/>
		<CBX_INST_ENTRY INSTANCE_NAME="|nfu|pe:\r:2:c:2:pei|multiplier:mul|lpm_mult:Mult0" CBX_FILE_NAME="mult_h1t.tdf"/>
		<CBX_INST_ENTRY INSTANCE_NAME="|nfu|pe:\r:3:c:1:pei|multiplier:mul|lpm_mult:Mult0" CBX_FILE_NAME="mult_h1t.tdf"/>
		<CBX_INST_ENTRY INSTANCE_NAME="|nfu|pe:\top_r:2:top_c:pei|multiplier:mul|lpm_mult:Mult0" CBX_FILE_NAME="mult_h1t.tdf"/>
		<CBX_INST_ENTRY INSTANCE_NAME="|nfu|pe:\left_c:1:pei|multiplier:mul|lpm_mult:Mult0" CBX_FILE_NAME="mult_h1t.tdf"/>
		<CBX_INST_ENTRY INSTANCE_NAME="|nfu|pe:\r:2:c:3:pei|multiplier:mul|lpm_mult:Mult0" CBX_FILE_NAME="mult_h1t.tdf"/>
		<CBX_INST_ENTRY INSTANCE_NAME="|nfu|pe:\r:3:c:2:pei|multiplier:mul|lpm_mult:Mult0" CBX_FILE_NAME="mult_h1t.tdf"/>
		<CBX_INST_ENTRY INSTANCE_NAME="|nfu|pe:\top_r:3:top_c:pei|multiplier:mul|lpm_mult:Mult0" CBX_FILE_NAME="mult_h1t.tdf"/>
		<CBX_INST_ENTRY INSTANCE_NAME="|nfu|pe:\left_c:2:pei|multiplier:mul|lpm_mult:Mult0" CBX_FILE_NAME="mult_h1t.tdf"/>
		<CBX_INST_ENTRY INSTANCE_NAME="|nfu|pe:\r:1:c:1:pei|multiplier:mul|lpm_mult:Mult0" CBX_FILE_NAME="mult_h1t.tdf"/>
		<CBX_INST_ENTRY INSTANCE_NAME="|nfu|pe:\r:3:c:3:pei|multiplier:mul|lpm_mult:Mult0" CBX_FILE_NAME="mult_h1t.tdf"/>
		<CBX_INST_ENTRY INSTANCE_NAME="|nfu|pe:\top_r:0:left_corner:pei|multiplier:mul|lpm_mult:Mult0|mult_h1t:auto_generated|alt_mac_mult:mac_mult1" CBX_FILE_NAME="mac_mult_35h1.tdf"/>
		<CBX_INST_ENTRY INSTANCE_NAME="|nfu|pe:\top_r:1:top_c:pei|multiplier:mul|lpm_mult:Mult0|mult_h1t:auto_generated|alt_mac_out:mac_out2" CBX_FILE_NAME="mac_out_8n82.tdf"/>
		<CBX_INST_ENTRY INSTANCE_NAME="|nfu|pe:\top_r:2:top_c:pei|multiplier:mul|lpm_mult:Mult0|mult_h1t:auto_generated|alt_mac_mult:mac_mult1" CBX_FILE_NAME="mac_mult_35h1.tdf"/>
		<CBX_INST_ENTRY INSTANCE_NAME="|nfu|pe:\left_c:3:pei|multiplier:mul|lpm_mult:Mult0" CBX_FILE_NAME="mult_h1t.tdf"/>
		<CBX_INST_ENTRY INSTANCE_NAME="|nfu|pe:\r:1:c:2:pei|multiplier:mul|lpm_mult:Mult0" CBX_FILE_NAME="mult_h1t.tdf"/>
		<CBX_INST_ENTRY INSTANCE_NAME="|nfu|pe:\r:2:c:1:pei|multiplier:mul|lpm_mult:Mult0" CBX_FILE_NAME="mult_h1t.tdf"/>
		<CBX_INST_ENTRY INSTANCE_NAME="|nfu|pe:\top_r:0:left_corner:pei|multiplier:mul|lpm_mult:Mult0|mult_h1t:auto_generated|alt_mac_out:mac_out2" CBX_FILE_NAME="mac_out_8n82.tdf"/>
		<CBX_INST_ENTRY INSTANCE_NAME="|nfu|pe:\top_r:1:top_c:pei|multiplier:mul|lpm_mult:Mult0" CBX_FILE_NAME="mult_h1t.tdf"/>
		<CBX_INST_ENTRY INSTANCE_NAME="|nfu|pe:\top_r:2:top_c:pei|multiplier:mul|lpm_mult:Mult0|mult_h1t:auto_generated|alt_mac_out:mac_out2" CBX_FILE_NAME="mac_out_8n82.tdf"/>
		<CBX_INST_ENTRY INSTANCE_NAME="|nfu|pe:\top_r:0:left_corner:pei|multiplier:mul|lpm_mult:Mult0" CBX_FILE_NAME="mult_h1t.tdf"/>
		<CBX_INST_ENTRY INSTANCE_NAME="|nfu|pe:\top_r:1:top_c:pei|multiplier:mul|lpm_mult:Mult0|mult_h1t:auto_generated|alt_mac_mult:mac_mult1" CBX_FILE_NAME="mac_mult_35h1.tdf"/>
	</PROJECT>
</LOG_ROOT>
